Script started on Fri 15 May 2020 04:16:16 PM PDT
[?1034hbash-4.2$ psql -h cse180-db-spring.lt.ucsc.edu -U anguy224[C[C[C[C[C[C[C[C[C[Cnano[Kpsql -h cse180-db-spring.lt.ucsc.edu -U anguy224
Password for user anguy224: 
psql: FATAL:  password authentication failed for user "anguy224"
bash-4.2$ psql -h cse180-db-spring.lt.ucsc.edu -U anguy224
Password for user anguy224: 
psql (11.7, server 11.8)
Type "help" for help.

[?1034hanguy224=> SELECT name, 2020 - birthyear AS age FROM actors; 
          name           | age 
-------------------------+-----
 Kurt Russell            |  69
 Sigourney Weaver        |  71
 Linda Hamilton          |  64
 Michael Biehn           |  64
 Arnold Schwarzenegger   |  73
 Bill Murray             |  70
 Jesse Eisenberg         |  37
 Emma Stone              |  32
 Woody Harrelson         |  59
 Natalie Portman         |  39
 Rachel McAdams          |  42
 Jonah Hill              |  37
 Jude Law                |  48
 Mary Elizabeth Winstead |  36
(14 rows)

anguy224=> SELECT SPLIT_PART(name, ' ', 1) AS first_name, REVERSE(SPLIT_PART(reverse(name), ' ', 1))  AS last_name FROM actors;
 first_name |   last_name    
------------+----------------
 Kurt       | Russell
 Sigourney  | Weaver
 Linda      | Hamilton
 Michael    | Biehn
 Arnold     | Schwarzenegger
 Bill       | Murray
 Jesse      | Eisenberg
 Emma       | Stone
 Woody      | Harrelson
 Natalie    | Portman
 Rachel     | McAdams
 Jonah      | Hill
 Jude       | Law
 Mary       | Winstead
(14 rows)

anguy224=> SELECT MIN(imdb_rating), MAX(imdb_rating), AVG(imdb_rating) FROM imdb;
 min | max | avg  
-----+-----+------
 6.2 | 8.4 | 7.77
(1 row)

anguy224=> SELECT SUM(2020-birthyear), AVG(2020 - birthyear), MIN(2020 - birthyear), MAX(2020 - birt hyear) FROM actors 
anguy224->    GROUP BY gender;
 sum |         avg         | min | max 
-----+---------------------+-----+-----
 284 | 47.3333333333333333 |  32 |  71
 457 | 57.1250000000000000 |  37 |  73
(2 rows)

anguy224=> SELECT title, STRING_AGG(name, '; ') FROM actors 
anguy224->    JOIN movieroles on actors.actorid = movieroles.actorid 
anguy224->    JOIN movies on movieroles.movieid = movies.movieid 
anguy224->    WHERE movieroles.movieid in(
anguy224(>       SELECT movieid FROM movieroles GROUP BY movieid HAVING COUNT(actorid)>1 
anguy224(>    ) 
anguy224->    GROUP BY movies.movieid;
               title                |                      string_agg                      
------------------------------------+------------------------------------------------------
 The Terminator                     | Linda Hamilton; Michael Biehn; Arnold Schwarzenegger
 Sherlock Holmes: A Game of Shadows | Jude Law; Rachel McAdams
(2 rows)

anguy224=> SELECT title, STRING_AGG(name, '; ') FROM actors 
anguy224->    JOIN movieroles on actors.actorid = movieroles.actorid 
anguy224->    JOIN movies on movieroles.movieid = movies.movieid 
anguy224->    WHERE movieroles.movieid in(
anguy224(>       SELECT movieid FROM movieroles GROUP BY movieid HAVING COUNT(actorid)>1 
anguy224(>    ) 
anguy224->    GROUP BY movies.movieid
anguy224->    ORDER BY movies.movieid;
               title                |                      string_agg                      
------------------------------------+------------------------------------------------------
 The Terminator                     | Linda Hamilton; Michael Biehn; Arnold Schwarzenegger
 Sherlock Holmes: A Game of Shadows | Jude Law; Rachel McAdams
(2 rows)

anguy224=> SELECT title, STRING_AGG(name, '; ') FROM actors 
anguy224->    JOIN movieroles on actors.actorid = movieroles.actorid 
anguy224->    JOIN movies on movieroles.movieid = movies.movieid 
anguy224->    WHERE movieroles.movieid in(
anguy224(>       SELECT movieid FROM movieroles GROUP BY movieid HAVING COUNT(actorid)>1 
anguy224(>    ) 
anguy224->    GROUP BY movies.movieid
anguy224->    ORDER BY movies.movieid DESC;
               title                |                      string_agg                      
------------------------------------+------------------------------------------------------
 Sherlock Holmes: A Game of Shadows | Jude Law; Rachel McAdams
 The Terminator                     | Linda Hamilton; Michael Biehn; Arnold Schwarzenegger
(2 rows)

anguy224=> SELECT movies.movieid, title, genre, year, director FROM movies 
anguy224->    JOIN reviews ON movies.movieid = reviews.movieid
anguy224->    JOIN imdb ON movies.movieid = imdb.movieid
anguy224->    ORDER BY (rating+imdb_rating)/2 DESC
anguy224->    LIMIT 3;
 movieid |    title     |          genre          | year |    director    
---------+--------------+-------------------------+------+----------------
       2 | 1917         | {Drama,War}             | 2019 | Same Mendes
       0 | The Thing    | {Horror,Mystery,Sci-Fi} | 1982 | John Carpenter
       6 | Ghostbusters | {Action,Comedy,Fantasy} | 1984 | James Cameron
(3 rows)

anguy224=> SELECT movieid, LENGTH(review_text), LENGTH(review_text) - LENGTH(REPLACE(review_text, '. ', '')) FROM reviews 
anguy224->    ORDER BY LENGTH(review_text) DESC;
 movieid | length | ?column? 
---------+--------+----------
       4 |   1922 |       15
       3 |   1624 |       14
       8 |    903 |       16
       7 |    795 |        5
       0 |    650 |        7
       2 |    526 |       15
       5 |    491 |        9
       6 |    442 |        4
       1 |    266 |        2
       9 |     81 |        1
(10 rows)

anguy224=> SELECT genres, COUNT(genres) FROM
anguy224->       (SELECT REGEXP_SPLIT_TO_TABLE(strings, ',') AS genres FROM
anguy224(>          (SELECT ARRAY_TO_STRING(genre, ',') AS strings FROM movies) 
anguy224(>       AS a) 
anguy224->    AS b 
anguy224->    GROUP BY genres;
  genres   | count 
-----------+-------
 Adventure |     3
 Comedy    |     3
 Crime     |     1
 Fantasy   |     1
 Drama     |     1
 Horror    |     4
 Sci-Fi    |     5
 War       |     1
 Mystery   |     2
 Action    |     4
(10 rows)

anguy224=> SELECT a1.name, year - birthyear AS age, title FROM actors AS a1
anguy224->    JOIN movieroles ON a1.actorid = movieroles.actorid
anguy224->    JOIN movies ON movieroles.movieid = movies.movieid
anguy224->    WHERE year-birthyear <= ALL (
anguy224(>       SELECT year - birthyear AS age FROM actors AS a2
anguy224(>       JOIN movieroles ON a2.actorid = movieroles.actorid
anguy224(>       JOIN movies ON movieroles.movieid = movies.movieid
anguy224(>       WHERE a1.name = a2.name);
          name           | age |               title                
-------------------------+-----+------------------------------------
 Kurt Russell            |  31 | The Thing
 Mary Elizabeth Winstead |  27 | The Thing
 Bill Murray             |  34 | Ghostbusters
 Jude Law                |  39 | Sherlock Holmes: A Game of Shadows
 Rachel McAdams          |  33 | Sherlock Holmes: A Game of Shadows
 Emma Stone              |  19 | Superbad
 Sigourney Weaver        |  30 | Alien
 Linda Hamilton          |  28 | The Terminator
 Michael Biehn           |  28 | The Terminator
 Arnold Schwarzenegger   |  37 | The Terminator
(10 rows)

anguy224=> SELECT genre, AVG(rating) FROM
anguy224->        (SELECT REGEXP_SPLIT_TO_TABLE(strings, ',') AS genre, movieid FROM
anguy224(>          (SELECT ARRAY_TO_STRING(genre, ',') AS strings, movieid FROM movies) 
anguy224(>        AS a) 
anguy224->     AS b
anguy224->     JOIN reviews on b.movieid = reviews.movieid
anguy224->     GROUP BY genre;    
   genre   |       avg        
-----------+------------------
 Adventure | 7.66666666666667
 Comedy    | 8.33333333333333
 Crime     |                6
 Fantasy   |               10
 Drama     |               10
 Horror    |             7.75
 Sci-Fi    |                8
 War       |               10
 Mystery   |              8.5
 Action    |             8.25
(10 rows)

anguy224=> SELECT title, ABS(rating - imdb_rating), 
anguy224->     CASE WHEN rating > imdb_rating THEN 'rating'
anguy224->     WHEN rating < imdb_rating THE